DateTime,Lon,Lat,Elevation,p,px,py,wrflat,wrflon,px_exact,py_exact,LU_INDEX,HGT,ALBEDO,EMISS,PSFC,T2,Q2,WS10,WD10,TSLB,SNOWH,SWDOWN,SWNORM,GLW,TSK,HFX,LH,GRDFLX,UST,ZHALF_L1,ZHALF_L2,ZHALF_L3,PTOTAL_L1,PTOTAL_L2,PTOTAL_L3,TPOT_L1,TPOT_L2,TPOT_L3,QVAPOR_L1,QVAPOR_L2,QVAPOR_L3,WS_L1,WS_L2,WS_L3,WD_L1,WD_L2,WD_L3
2017-10-13 12:00:00,11.384167,47.259998,578,519376,648,473,47.2602,11.3783,648.4441,472.9775,51,585.52,0.1,0.97,958.572,16.657,4.946,0.386,357.389,14.928,0,0,0,0,21.207,0,0,0,0,21.259,52.962,74.276,960.925,957.18,954.672,25.455,25.455,25.455,6.962,6.855,6.784,0.238,0.238,0.238,357.822,357.822,357.822
2017-10-13 12:30:00,11.384167,47.259998,578,519376,648,473,47.2602,11.3783,648.4441,472.9775,51,585.52,0.165,0.971,957.199,21.537,5.898,1.008,324.611,15.252,0,533.936,525.997,308.142,23.687,24.397,100.744,-178.225,0.201,21.258,52.955,74.258,954.785,951.288,948.94,25.297,25.234,25.212,5.617,5.52,5.48,1.118,1.186,1.181,324.598,323.068,322.21
2017-10-13 13:00:00,11.384167,47.259998,578,519376,648,473,47.2602,11.3783,648.4441,472.9775,51,585.52,0.165,0.971,957.007,21.813,6.092,0.113,166.675,15.531,0,487.934,481.405,309.578,24.019,24.87,90.984,-148.991,0.19,21.282,53.014,74.338,954.623,951.127,948.846,25.588,25.512,25.486,5.802,5.658,5.592,0.123,0.41,0.535,166.813,153.782,151.607
2017-10-13 13:30:00,11.384167,47.259998,578,519376,648,473,47.2602,11.3783,648.4441,472.9775,51,585.52,0.165,0.971,956.884,21.994,6.11,0.488,308.385,15.776,0,430.8,425.774,310.639,23.757,19.888,81.63,-119.618,0.19,21.297,53.051,74.39,954.582,951.088,948.74,25.836,25.761,25.739,5.819,5.646,5.573,0.543,0.568,0.569,308.48,308.612,310.733
2017-10-13 14:00:00,11.384167,47.259998,578,519376,648,473,47.2602,11.3783,648.4441,472.9775,51,585.52,0.165,0.971,956.918,21.895,6.201,0.697,267.292,15.963,0,363.97,360.444,311.174,23.091,13.523,68.31,-89.911,0.183,21.298,53.054,74.397,954.649,951.153,948.807,25.821,25.764,25.751,5.906,5.759,5.708,0.773,0.862,0.896,267.212,277.617,284.021
2017-10-13 14:30:00,11.384167,47.259998,578,519376,648,473,47.2602,11.3783,648.4441,472.9775,51,585.52,0.165,0.971,957.06,21.495,7.298,4.057,72.05,16.097,0,287.559,285.52,314.872,21.614,2.385,73.349,-48.425,0.478,21.293,53.043,74.383,954.763,951.263,948.917,25.292,25.228,25.204,6.96,6.932,6.916,4.606,5.351,5.618,72.121,73.283,73.913
2017-10-13 15:00:00,11.384167,47.259998,578,519376,648,473,47.2602,11.3783,648.4441,472.9775,51,585.52,0.165,0.971,957.193,20.388,7.728,4.798,74.425,16.127,0,205.382,204.711,315.998,20.139,-5.527,56.236,-16.841,0.544,21.234,52.898,74.185,954.884,951.381,949.032,24.26,24.262,24.263,7.434,7.386,7.366,5.451,6.275,6.608,74.389,74.956,75.181
2017-10-13 15:30:00,11.384167,47.259998,578,519376,648,473,47.2602,11.3783,648.4441,472.9775,51,585.52,0.165,0.971,957.685,18.398,8.387,5.856,61.069,16.097,0,122.013,122.429,313.65,18.064,-8.839,35.895,18.272,0.652,21.118,52.61,73.782,955.316,951.81,949.459,22.231,22.244,22.25,8.226,8.192,8.177,6.651,7.53,7.874,61.042,62.99,63.922
2017-10-13 16:00:00,11.384167,47.259998,578,519376,648,473,47.2602,11.3783,648.4441,472.9775,51,585.52,0.165,0.971,957.949,17.387,8.367,5.695,60.136,16.011,0,43.865,44.757,311.669,16.482,-22.111,15.877,41.008,0.613,21.061,52.471,73.592,955.573,952.062,949.711,21.404,21.478,21.512,8.273,8.242,8.226,6.473,7.449,7.823,60.123,61.757,62.583
2017-10-13 16:30:00,11.384167,47.259998,578,519376,648,473,47.2602,11.3783,648.4441,472.9775,51,585.52,0.082,0.971,958.267,15.856,8.198,3.518,63.263,15.863,0,0,0,311.457,14.404,-16.931,0.12,55.502,0.328,21.021,52.37,73.452,955.931,952.487,950.07,20.875,20.961,20.999,8.193,8.179,8.172,4.015,4.687,4.988,63.21,64.47,65.095
2017-10-13 17:00:00,11.384167,47.259998,578,519376,648,473,47.2602,11.3783,648.4441,472.9775,51,585.52,0.082,0.971,958.639,13.979,7.651,1.869,78.303,15.607,0,0,0,310.822,13.391,-6.875,-1.608,56.928,0.142,20.979,52.268,73.31,956.317,952.809,950.454,20.341,20.436,20.478,8.06,8.051,8.045,2.202,2.625,2.823,78.265,75.786,74.529
2017-10-13 17:30:00,11.384167,47.259998,578,519376,648,473,47.2602,11.3783,648.4441,472.9775,51,585.52,0.082,0.971,958.948,13.499,7.61,1.941,75.935,15.314,0,0,0,309.252,12.852,-7.592,-1.693,54.395,0.145,20.931,52.148,73.14,956.642,953.133,950.779,19.673,19.748,19.783,8.013,8.014,8.012,2.303,2.903,3.19,75.881,74.008,73.226
2017-10-13 18:00:00,11.384167,47.259998,578,519376,648,473,47.2602,11.3783,648.4441,472.9775,51,585.52,0.082,0.971,959.202,13.609,7.79,2.893,68.342,15.062,0,0,0,307.619,12.477,-13.31,-1.578,49.596,0.246,20.875,52.009,72.949,956.903,953.393,951.039,18.911,19.038,19.1,7.926,7.918,7.912,3.333,3.852,4.099,68.322,69.697,70.721
2017-10-13 18:30:00,11.384167,47.259998,578,519376,648,473,47.2602,11.3783,648.4441,472.9775,51,585.52,0.082,0.971,959.3,12.618,7.541,2.285,51.602,14.814,0,0,0,305.904,11.862,-8.903,-1.851,51.418,0.179,20.825,51.885,72.777,956.969,953.459,951.107,18.237,18.393,18.458,7.837,7.834,7.831,2.659,3.013,3.128,51.536,59.713,64.202
2017-10-13 19:00:00,11.384167,47.259998,578,519376,648,473,47.2602,11.3783,648.4441,472.9775,51,585.52,0.082,0.971,959.489,11.658,7.15,1.211,56.397,14.54,0,0,0,305.051,11.328,-3.897,-0.984,53.645,0.062,20.802,51.831,72.706,957.133,953.622,951.267,17.937,18.157,18.234,7.776,7.771,7.747,1.574,2.048,2.323,56.493,63.177,65.66
2017-10-13 19:30:00,11.384167,47.259998,578,519376,648,473,47.2602,11.3783,648.4441,472.9775,51,585.52,0.082,0.971,959.692,11.148,7.006,0.402,191.434,14.234,0,0,0,304.019,10.888,-3.075,-0.584,53.166,0.052,20.776,51.769,72.627,957.308,953.797,951.442,17.548,17.902,18.047,7.754,7.72,7.697,0.521,0.989,1.345,191.495,122.02,104.749
2017-10-13 20:00:00,11.384167,47.259998,578,519376,648,473,47.2602,11.3783,648.4441,472.9775,51,585.52,0.082,0.971,959.896,11.063,6.931,0.56,157.415,13.935,0,0,0,303.787,10.759,-3.599,-0.657,51.247,0.053,20.769,51.748,72.59,957.469,953.954,951.601,17.47,17.673,17.807,7.678,7.656,7.63,0.729,0.787,0.959,157.395,134.185,111.431
2017-10-13 20:30:00,11.384167,47.259998,578,519376,648,473,47.2602,11.3783,648.4441,472.9775,51,585.52,0.082,0.971,960.031,11.259,6.892,1.139,131.992,13.652,0,0,0,304.217,10.835,-5.016,-0.98,48.324,0.061,20.778,51.77,72.618,957.592,954.077,951.725,17.633,17.797,17.897,7.57,7.56,7.548,1.483,1.676,1.831,131.92,117.647,108.062
2017-10-13 21:00:00,11.384167,47.259998,578,519376,648,473,47.2602,11.3783,648.4441,472.9775,51,585.52,0.082,0.971,960.1,11.144,6.834,1.057,124.203,13.389,0,0,0,304.228,10.71,-5.14,-0.947,46.929,0.059,20.772,51.757,72.604,957.724,954.212,951.854,17.565,17.801,17.913,7.548,7.538,7.527,1.374,1.504,1.649,124.22,103.649,100.281
2017-10-13 21:30:00,11.384167,47.259998,578,519376,648,473,47.2602,11.3783,648.4441,472.9775,51,585.52,0.082,0.971,960.194,10.726,6.738,0.546,139.83,13.125,0,0,0,303.312,10.352,-4.438,-0.687,46.967,0.053,20.746,51.691,72.513,957.864,954.351,951.999,17.196,17.428,17.601,7.532,7.529,7.529,0.708,0.687,0.77,139.847,111.535,93.485
2017-10-13 22:00:00,11.384167,47.259998,578,519376,648,473,47.2602,11.3783,648.4441,472.9775,51,585.52,0.082,0.971,960.244,10.36,6.659,0.1,124.535,12.861,0,0,0,302.324,10.014,-4.111,-0.521,46.811,0.051,20.72,51.627,72.424,957.935,954.422,952.067,16.843,17.086,17.247,7.507,7.519,7.522,0.13,0.169,0.248,124.201,62.37,44.166
2017-10-13 22:30:00,11.384167,47.259998,578,519376,648,473,47.2602,11.3783,648.4441,472.9775,51,585.52,0.082,0.971,960.3,10.03,6.612,0.291,85.296,12.598,0,0,0,301.055,9.685,-4.093,-0.6,46.637,0.052,20.688,51.55,72.321,957.972,954.459,952.105,16.412,16.708,16.891,7.453,7.466,7.478,0.377,0.344,0.226,85.363,84.767,92.533
2017-10-13 23:00:00,11.384167,47.259998,578,519376,648,473,47.2602,11.3783,648.4441,472.9775,51,585.52,0.082,0.971,960.385,9.698,6.585,0.516,65.058,12.334,0,0,0,299.78,9.355,-4.079,-0.716,46.502,0.053,20.656,51.477,72.232,958.015,954.501,952.148,15.96,16.439,16.685,7.423,7.443,7.457,0.671,0.581,0.303,64.742,57.859,53.441
2017-10-13 23:30:00,11.384167,47.259998,578,519376,648,473,47.2602,11.3783,648.4441,472.9775,51,585.52,0.082,0.971,960.459,9.445,6.543,0.441,95,12.07,0,0,0,298.802,9.104,-4.07,-0.711,46.159,0.052,20.639,51.436,72.178,958.081,954.566,952.208,15.705,16.244,16.498,7.424,7.447,7.459,0.57,0.856,0.935,95.049,74.226,69.052
2017-10-14 00:00:00,11.384167,47.259998,578,519376,648,473,47.2602,11.3783,648.4441,472.9775,51,585.52,0.082,0.971,960.504,9.258,6.494,0.324,277.96,11.807,0,0,0,298.258,8.913,-4.109,-0.677,45.528,0.052,20.627,51.408,72.139,958.136,954.621,952.266,15.545,16.075,16.335,7.415,7.44,7.452,0.421,0.221,0.466,277.954,11.808,41.254
2017-10-14 00:30:00,11.384167,47.259998,578,519376,648,473,47.2602,11.3783,648.4441,472.9775,51,585.52,0.082,0.971,960.547,9.304,6.609,1.262,265.54,11.565,0,0,0,297.296,8.833,-5.613,-1.46,43.898,0.066,20.617,51.38,72.098,958.183,954.668,952.312,15.359,15.883,16.153,7.468,7.437,7.438,1.631,0.942,0.546,265.537,264.518,278.504
2017-10-14 01:00:00,11.384167,47.259998,578,519376,648,473,47.2602,11.3783,648.4441,472.9775,51,585.52,0.082,0.971,960.483,9.356,6.808,1.922,264.198,11.342,0,0,0,296.202,8.689,-7.949,-2.592,41.699,0.097,20.596,51.335,72.048,958.136,954.619,952.264,15.022,15.741,16.101,7.561,7.527,7.479,2.459,2.101,1.452,264.201,262.817,270.973
2017-10-14 01:30:00,11.384167,47.259998,578,519376,648,473,47.2602,11.3783,648.4441,472.9775,51,585.52,0.082,0.971,960.421,9.007,6.749,1.789,260.874,11.123,0,0,0,294.5,8.39,-7.373,-2.527,42.506,0.091,20.576,51.281,71.968,958.074,954.558,952.203,14.728,15.342,15.694,7.581,7.595,7.565,2.301,2.074,1.829,260.874,262.446,265.466
2017-10-14 02:00:00,11.384167,47.259998,578,519376,648,473,47.2602,11.3783,648.4441,472.9775,51,585.52,0.082,0.971,960.336,8.814,6.714,1.852,258.533,10.903,0,0,0,293.435,8.179,-7.592,-2.686,42.212,0.094,20.558,51.238,71.911,958.006,954.494,952.135,14.496,15.124,15.554,7.548,7.586,7.568,2.374,1.985,1.723,258.507,263.327,263.174
2017-10-14 02:30:00,11.384167,47.259998,578,519376,648,473,47.2602,11.3783,648.4441,472.9775,51,585.52,0.082,0.971,960.34,8.424,6.774,1.85,263.138,10.701,0,0,0,291.824,7.832,-7.079,-2.93,42.873,0.093,20.527,51.163,71.811,958.021,954.506,952.147,13.997,14.736,15.149,7.677,7.662,7.619,2.357,1.968,1.566,263.102,267.296,268.246
2017-10-14 03:00:00,11.384167,47.259998,578,519376,648,473,47.2602,11.3783,648.4441,472.9775,51,585.52,0.082,0.971,960.369,8.025,6.607,1.333,266.318,10.482,0,0,0,291.159,7.569,-5.458,-1.995,44.056,0.069,20.52,51.144,71.78,958.043,954.528,952.171,13.895,14.539,14.968,7.681,7.711,7.686,1.712,1.586,1.342,266.382,272.614,273.82
2017-10-14 03:30:00,11.384167,47.259998,578,519376,648,473,47.2602,11.3783,648.4441,472.9775,51,585.52,0.082,0.971,960.473,7.738,6.479,0.816,263.133,10.262,0,0,0,290.887,7.366,-4.454,-1.292,44.399,0.054,20.516,51.138,71.78,958.133,954.619,952.262,13.822,14.62,15.061,7.676,7.678,7.641,1.048,0.782,0.612,263.035,285.13,304.99
2017-10-14 04:00:00,11.384167,47.259998,578,519376,648,473,47.2602,11.3783,648.4441,472.9775,51,585.52,0.082,0.971,960.574,7.526,6.472,0.78,266.214,10.042,0,0,0,290.082,7.156,-4.439,-1.307,44.159,0.054,20.502,51.107,71.74,958.212,954.697,952.335,13.597,14.534,14.892,7.717,7.654,7.606,1.002,0.72,0.479,266.225,279.164,305.206
2017-10-14 04:30:00,11.384167,47.259998,578,519376,648,473,47.2602,11.3783,648.4441,472.9775,51,585.52,0.082,0.971,960.634,7.355,6.473,1.052,274.503,9.822,0,0,0,289.041,6.958,-4.767,-1.64,43.738,0.058,20.482,51.062,71.687,958.26,954.744,952.386,13.32,14.344,14.807,7.697,7.69,7.624,1.349,1.341,1.011,274.466,283.079,295.202
2017-10-14 05:00:00,11.384167,47.259998,578,519376,648,473,47.2602,11.3783,648.4441,472.9775,51,585.52,0.082,0.971,960.662,7.282,6.488,1.195,264.279,9.603,0,0,0,288.45,6.841,-5.298,-1.936,42.84,0.063,20.475,51.049,71.677,958.294,954.778,952.42,13.203,14.38,14.853,7.716,7.668,7.605,1.533,1.199,0.854,264.314,263.771,267.202
2017-10-14 05:30:00,11.384167,47.259998,578,519376,648,473,47.2602,11.3783,648.4441,472.9775,51,585.52,0.082,0.971,960.698,7.195,6.346,0.725,259.009,9.383,0,0,0,288.709,6.788,-4.888,-1.318,42.399,0.053,20.486,51.074,71.712,958.324,954.809,952.451,13.374,14.503,15.013,7.663,7.653,7.594,0.931,1.024,0.81,258.904,260.252,267.976
2017-10-14 06:00:00,11.384167,47.259998,578,519376,648,473,47.2602,11.3783,648.4441,472.9775,51,585.52,0.165,0.971,960.752,7.971,6.682,0.477,277.944,9.196,0,27.69,24.361,289.101,7.61,-4.333,-0.821,27.333,0.052,20.5,51.104,71.744,958.371,954.856,952.499,13.568,14.544,15.026,7.646,7.628,7.57,0.611,0.987,0.917,277.943,261.605,260.385
2017-10-14 06:30:00,11.384167,47.259998,578,519376,648,473,47.2602,11.3783,648.4441,472.9775,51,585.52,0.165,0.971,960.747,8.177,6.627,0.32,230.558,9.046,0,102.044,25.21,289.754,7.792,-4.607,-0.718,25.995,0.052,20.524,51.156,71.803,958.368,954.848,952.492,13.931,14.674,15.1,7.593,7.615,7.57,0.412,0.93,0.884,230.327,246,250.245
2017-10-14 07:00:00,11.384167,47.259998,578,519376,648,473,47.2602,11.3783,648.4441,472.9775,51,585.52,0.165,0.971,960.74,11.548,8.007,0.162,158.577,9.075,0,183.45,174.762,290.427,11.868,3.771,9.041,-53.371,0.065,20.558,51.235,71.901,958.368,954.85,952.494,14.398,14.982,15.361,7.626,7.554,7.526,0.203,1.1,1.266,158.29,246.459,249.816
2017-10-14 07:30:00,11.384167,47.259998,578,519376,648,473,47.2602,11.3783,648.4441,472.9775,51,585.52,0.165,0.971,960.667,12.227,8.291,0.029,24.275,9.317,0,263.603,253.445,291.914,13.652,16.707,20.126,-83.157,0.131,20.619,51.372,72.069,958.304,954.788,952.43,15.106,15.416,15.814,7.926,7.554,7.495,0.033,1.198,1.624,20.426,253.788,251.26
2017-10-14 08:00:00,11.384167,47.259998,578,519376,648,473,47.2602,11.3783,648.4441,472.9775,51,585.52,0.165,0.971,960.537,13.338,8.622,0.181,284.499,9.632,0,338.523,327.322,294.865,15.86,29.336,31.673,-109.558,0.161,20.72,51.614,72.378,958.177,954.659,952.301,16.365,16.364,16.561,8.314,7.899,7.624,0.2,1,1.346,284.122,259.694,252.328
2017-10-14 08:30:00,11.384167,47.259998,578,519376,648,473,47.2602,11.3783,648.4441,472.9775,51,585.52,0.165,0.971,960.362,14.555,8.168,0.41,263.584,10.002,0,405.664,393.771,298.712,17.891,38.524,47.485,-130.816,0.185,20.81,51.839,72.694,958,954.488,952.126,17.805,17.734,17.752,7.935,7.801,7.732,0.452,0.631,0.753,263.305,255.21,250.373
2017-10-14 09:00:00,11.384167,47.259998,578,519376,648,473,47.2602,11.3783,648.4441,472.9775,51,585.52,0.165,0.971,960.151,15.63,7.964,0.035,282.093,10.411,0,463.268,450.997,302.093,19.8,48.316,60.635,-146.503,0.198,20.889,52.035,72.966,957.796,954.283,951.924,18.999,18.886,18.881,7.802,7.687,7.638,0.039,0.259,0.374,282.678,236.706,231.607
2017-10-14 09:30:00,11.384167,47.259998,578,519376,648,473,47.2602,11.3783,648.4441,472.9775,51,585.52,0.165,0.971,959.92,16.78,7.976,0.001,152.144,10.847,0,509.826,497.47,305.297,21.475,57.484,71.82,-156.802,0.213,20.963,52.216,73.218,957.561,954.049,951.695,20.041,19.895,19.873,7.799,7.691,7.647,0.001,0.149,0.225,51.997,203.981,204.294
2017-10-14 10:00:00,11.384167,47.259998,578,519376,648,473,47.2602,11.3783,648.4441,472.9775,51,585.52,0.165,0.971,959.664,17.771,8.022,0.029,187.111,11.306,0,544.349,532.182,308.237,22.821,64.016,81.642,-162.368,0.224,21.034,52.393,73.464,957.309,953.796,951.44,21.05,20.885,20.852,7.83,7.708,7.656,0.038,0.191,0.257,186.646,181.007,181.979
2017-10-14 10:30:00,11.384167,47.259998,578,519376,648,473,47.2602,11.3783,648.4441,472.9775,51,585.52,0.165,0.971,959.426,18.692,7.987,0.013,192.948,11.767,0,565.706,553.991,311.466,23.925,67.932,89.758,-163.377,0.232,21.097,52.551,73.684,957.072,953.562,951.207,21.992,21.816,21.771,7.78,7.652,7.599,0.016,0.169,0.237,191.982,174.398,173.978
2017-10-14 11:00:00,11.384167,47.259998,578,519376,648,473,47.2602,11.3783,648.4441,472.9775,51,585.52,0.165,0.971,959.214,19.533,7.953,0.031,150.343,12.229,0,573.813,562.783,314.11,24.801,69.238,95.248,-159.952,0.238,21.157,52.698,73.89,956.858,953.35,950.993,22.857,22.68,22.631,7.734,7.6,7.542,0.034,0.199,0.268,149.706,154.989,157.528
2017-10-14 11:30:00,11.384167,47.259998,578,519376,648,473,47.2602,11.3783,648.4441,472.9775,51,585.52,0.165,0.971,959.023,20.301,7.811,0.13,149.879,12.671,0,568.408,558.277,316.445,25.429,67.55,98.444,-152.445,0.241,21.207,52.823,74.065,956.634,953.227,950.806,23.651,23.475,23.422,7.581,7.44,7.377,0.146,0.28,0.331,149.725,151.143,153.174
2017-10-14 12:00:00,11.384167,47.259998,578,519376,648,473,47.2602,11.3783,648.4441,472.9775,51,585.52,0.165,0.971,958.863,20.911,7.852,0.137,138.18,13.095,0,548.962,539.929,319.393,25.824,64.387,97.806,-141.215,0.242,21.252,52.936,74.225,956.504,952.997,950.645,24.287,24.115,24.06,7.617,7.515,7.475,0.152,0.274,0.315,138.103,134.621,136.667
2017-10-14 12:30:00,11.384167,47.259998,578,519376,648,473,47.2602,11.3783,648.4441,472.9775,51,585.52,0.165,0.971,958.827,21.423,8.013,0.144,144.402,13.496,0,516.831,509.046,321.424,25.992,58.972,93.579,-126.55,0.24,21.295,53.044,74.376,956.472,952.964,950.61,24.819,24.657,24.602,7.777,7.674,7.629,0.164,0.308,0.352,145.265,120.283,116.799
2017-10-14 13:00:00,11.384167,47.259998,578,519376,648,473,47.2602,11.3783,648.4441,472.9775,51,585.52,0.165,0.971,958.726,21.882,7.837,0.273,98.75,13.861,0,472.879,466.456,322.187,25.87,50.025,87.81,-108.499,0.235,21.324,53.117,74.48,956.369,952.863,950.511,25.313,25.176,25.127,7.599,7.472,7.411,0.304,0.529,0.614,98.744,89.606,86.242
2017-10-14 13:30:00,11.384167,47.259998,578,519376,648,473,47.2602,11.3783,648.4441,472.9775,51,585.52,0.165,0.971,958.69,22.231,6.997,1.12,78.231,14.178,0,417.436,412.46,322.65,25.152,37.793,84.191,-85.412,0.251,21.323,53.115,74.479,956.338,952.831,950.482,25.699,25.583,25.541,6.745,6.623,6.569,1.247,1.377,1.416,78.155,77.85,77.443
2017-10-14 14:00:00,11.384167,47.259998,578,519376,648,473,47.2602,11.3783,648.4441,472.9775,51,585.52,0.165,0.971,958.712,22.095,7.771,1.429,94.005,14.432,0,350.723,347.243,325.223,24.396,30.424,70.872,-60.719,0.267,21.34,53.159,74.542,956.357,952.85,950.499,25.587,25.485,25.45,7.542,7.455,7.418,1.593,1.814,1.895,93.978,91.206,89.618
2017-10-14 14:30:00,11.384167,47.259998,578,519376,648,473,47.2602,11.3783,648.4441,472.9775,51,585.52,0.165,0.971,958.8,21.83,7.677,2.69,82.561,14.626,0,276.518,274.494,326.328,23.01,19.35,64.491,-29.324,0.369,21.32,53.108,74.474,956.444,952.935,950.584,25.352,25.277,25.252,7.434,7.37,7.347,3.018,3.349,3.45,82.545,81.608,81.098
2017-10-14 15:00:00,11.384167,47.259998,578,519376,648,473,47.2602,11.3783,648.4441,472.9775,51,585.52,0.165,0.971,958.958,21.145,7.983,2.95,80.936,14.755,0,197.08,196.39,325.062,21.652,8.32,47.097,-2.064,0.38,21.286,53.026,74.361,956.599,953.09,950.737,24.716,24.671,24.657,7.757,7.693,7.665,3.317,3.828,4.011,80.923,80.724,80.521
2017-10-14 15:30:00,11.384167,47.259998,578,519376,648,473,47.2602,11.3783,648.4441,472.9775,51,585.52,0.165,0.971,959.145,20.342,9.091,2.752,80.7,14.825,0,115.283,115.658,325.511,20.349,0.095,23.33,22.197,0.342,21.272,52.992,74.318,956.785,953.273,950.915,23.977,23.971,23.97,8.914,8.911,8.912,3.098,3.582,3.769,80.686,79.345,78.769
2017-10-14 16:00:00,11.384167,47.259998,578,519376,648,473,47.2602,11.3783,648.4441,472.9775,51,585.52,0.165,0.971,959.361,18.111,9.01,2.684,80.375,14.824,0,38.822,39.633,325.168,17.957,-1.77,2.506,48.353,0.276,21.226,52.88,74.161,957.001,953.487,951.132,23.362,23.387,23.398,8.848,8.787,8.757,3.029,3.497,3.674,80.407,79.301,78.946
2017-10-14 16:30:00,11.384167,47.259998,578,519376,648,473,47.2602,11.3783,648.4441,472.9775,51,585.52,0.082,0.971,959.582,16.286,7.913,2.281,74.259,14.683,0,0,0,322.599,15.808,-5.553,-2.039,62.356,0.213,21.164,52.726,73.951,957.229,953.713,951.358,22.757,22.826,22.858,8.225,8.212,8.204,2.583,3.064,3.29,74.229,74.609,74.813
2017-10-14 17:00:00,11.384167,47.259998,578,519376,648,473,47.2602,11.3783,648.4441,472.9775,51,585.52,0.082,0.971,959.78,15.453,7.852,1.965,57.768,14.507,0,0,0,321.112,15.026,-4.982,-2.226,59.246,0.172,21.118,52.616,73.804,957.426,953.913,951.558,22.043,22.193,22.263,8.334,8.379,8.403,2.228,2.801,3.063,57.758,63.082,65.777
2017-10-14 17:30:00,11.384167,47.259998,578,519376,648,473,47.2602,11.3783,648.4441,472.9775,51,585.52,0.082,0.971,959.972,14.545,7.677,1.385,75.404,14.31,0,0,0,319.507,14.261,-3.324,-1.857,57.922,0.113,21.079,52.525,73.689,957.625,954.111,951.752,21.438,21.71,21.858,8.447,8.544,8.609,1.575,2.319,2.76,75.403,67.857,64.982
2017-10-14 18:00:00,11.384167,47.259998,578,519376,648,473,47.2602,11.3783,648.4441,472.9775,51,585.52,0.082,0.971,960.141,13.897,7.474,0.834,104.464,14.089,0,0,0,318.116,13.693,-2.392,-1.105,56.699,0.054,21.063,52.482,73.62,957.793,954.275,951.918,21.141,21.325,21.413,8.555,8.623,8.657,1.081,1.663,2.048,104.28,75.14,67.678
2017-10-14 18:30:00,11.384167,47.259998,578,519376,648,473,47.2602,11.3783,648.4441,472.9775,51,585.52,0.082,0.971,960.166,14.121,7.714,1.443,89.266,13.88,0,0,0,317.568,13.693,-5.009,-2.072,52.55,0.091,21.061,52.474,73.604,957.808,954.291,951.93,21.042,21.19,21.271,8.666,8.683,8.691,1.793,2.17,2.413,89.177,75.784,69.653
2017-10-14 19:00:00,11.384167,47.259998,578,519376,648,473,47.2602,11.3783,648.4441,472.9775,51,585.52,0.082,0.971,960.191,13.363,7.508,1.133,87.309,13.664,0,0,0,314.831,13.07,-3.437,-1.491,53.685,0.058,21.016,52.368,73.473,957.828,954.308,951.949,20.416,20.752,20.963,8.622,8.663,8.687,1.491,2.023,2.405,87.359,69.918,63.929
2017-10-14 19:30:00,11.384167,47.259998,578,519376,648,473,47.2602,11.3783,648.4441,472.9775,51,585.52,0.082,0.971,960.227,13,7.349,0.753,101.036,13.443,0,0,0,313.005,12.72,-3.293,-1.193,53.138,0.054,20.998,52.327,73.415,957.865,954.347,951.988,20.186,20.599,20.77,8.57,8.562,8.538,0.989,1.246,1.475,100.909,90.989,83.947
2017-10-14 20:00:00,11.384167,47.259998,578,519376,648,473,47.2602,11.3783,648.4441,472.9775,51,585.52,0.082,0.971,960.277,12.721,7.134,0.546,80.43,13.202,0,0,0,311.165,12.426,-3.47,-1.036,52.529,0.053,20.98,52.286,73.366,957.911,954.395,952.038,19.995,20.62,20.802,8.367,8.24,8.172,0.716,0.921,1.098,80.508,111.585,104.086
2017-10-14 20:30:00,11.384167,47.259998,578,519376,648,473,47.2602,11.3783,648.4441,472.9775,51,585.52,0.082,0.971,960.304,12.401,7.1,0.516,294.272,12.96,0,0,0,309.903,12.1,-3.544,-1.037,51.756,0.053,20.953,52.218,73.275,957.935,954.42,952.06,19.629,20.195,20.546,8.361,8.253,8.136,0.678,0.84,0.534,294.111,255.627,247.866
2017-10-14 21:00:00,11.384167,47.259998,578,519376,648,473,47.2602,11.3783,648.4441,472.9775,51,585.52,0.082,0.971,960.352,12.753,7.6,1.986,267.15,12.742,0,0,0,308.532,12.013,-8.723,-3.274,46.846,0.136,20.914,52.117,73.13,957.985,954.467,952.108,19.038,19.45,19.774,8.423,8.489,8.494,2.4,2.746,2.822,267.131,269.275,269.018
2017-10-14 21:30:00,11.384167,47.259998,578,519376,648,473,47.2602,11.3783,648.4441,472.9775,51,585.52,0.082,0.971,960.345,12.673,7.477,2.024,268.074,12.566,0,0,0,307.279,11.866,-9.517,-3.299,45.8,0.133,20.909,52.108,73.118,957.976,954.46,952.101,19.023,19.455,19.709,8.303,8.419,8.492,2.471,2.987,3.131,268.045,268.074,266.18
2017-10-14 22:00:00,11.384167,47.259998,578,519376,648,473,47.2602,11.3783,648.4441,472.9775,51,585.52,0.082,0.971,960.332,12.628,7.27,1.811,269.547,12.378,0,0,0,308.065,11.928,-8.26,-2.735,45.156,0.092,20.932,52.165,73.199,957.959,954.443,952.084,19.36,19.839,20.033,8.252,8.355,8.43,2.364,2.945,3.186,269.519,270.109,270.261
2017-10-14 22:30:00,11.384167,47.259998,578,519376,648,473,47.2602,11.3783,648.4441,472.9775,51,585.52,0.082,0.971,960.323,12.901,7.454,2.338,267.177,12.208,0,0,0,307.397,11.801,-12.975,-3.717,40.811,0.162,20.911,52.113,73.129,957.955,954.438,952.082,19.103,19.61,19.845,8.15,8.271,8.345,2.827,3.69,3.917,267.158,267.442,267.87
2017-10-14 23:00:00,11.384167,47.259998,578,519376,648,473,47.2602,11.3783,648.4441,472.9775,51,585.52,0.082,0.971,960.319,12.724,7.571,2.521,266.314,12.054,0,0,0,306.143,11.553,-13.835,-4.201,40.103,0.187,20.88,52.042,73.038,957.95,954.434,952.075,18.65,19.296,19.567,8.204,8.316,8.367,2.991,4.325,4.595,266.25,266.493,266.411
2017-10-14 23:30:00,11.384167,47.259998,578,519376,648,473,47.2602,11.3783,648.4441,472.9775,51,585.52,0.082,0.971,960.32,11.99,7.185,2.078,270.007,11.896,0,0,0,304.415,11.126,-10.222,-3.241,43.376,0.127,20.849,51.967,72.938,957.948,954.434,952.076,18.309,19.009,19.313,7.993,8.099,8.164,2.574,4.087,4.525,269.985,268.143,267.052
2017-10-15 00:00:00,11.384167,47.259998,578,519376,648,473,47.2602,11.3783,648.4441,472.9775,51,585.52,0.082,0.971,960.326,11.217,6.787,1.245,265.969,11.703,0,0,0,303.096,10.733,-5.735,-1.77,47.025,0.066,20.834,51.922,72.864,957.958,954.444,952.084,18.122,18.64,18.998,7.915,7.958,8.007,1.624,2.935,3.672,265.915,267.035,267.291
2017-10-15 00:30:00,11.384167,47.259998,578,519376,648,473,47.2602,11.3783,648.4441,472.9775,51,585.52,0.082,0.971,960.294,11.554,6.552,1.362,279.118,11.498,0,0,0,302.978,10.926,-7.44,-1.886,44.598,0.072,20.863,51.986,72.931,957.922,954.407,952.052,18.659,18.924,19.081,7.617,7.648,7.675,1.782,2.659,3.172,279.12,271.751,269.236
2017-10-15 01:00:00,11.384167,47.259998,578,519376,648,473,47.2602,11.3783,648.4441,472.9775,51,585.52,0.082,0.971,960.207,11.672,6.457,1.321,279.477,11.307,0,0,0,303.434,11,-7.958,-1.858,42.944,0.071,20.881,52.03,72.996,957.836,954.321,951.965,18.927,19.227,19.401,7.556,7.589,7.62,1.726,2.564,3.084,279.467,269.43,266.043
2017-10-15 01:30:00,11.384167,47.259998,578,519376,648,473,47.2602,11.3783,648.4441,472.9775,51,585.52,0.082,0.971,960.112,11.361,6.278,1.022,284.207,11.109,0,0,0,302.653,10.789,-6.775,-1.437,43.661,0.059,20.867,51.997,72.954,957.743,954.228,951.872,18.785,19.156,19.374,7.449,7.436,7.444,1.335,2.201,2.77,284.186,270.222,265.888
2017-10-15 02:00:00,11.384167,47.259998,578,519376,648,473,47.2602,11.3783,648.4441,472.9775,51,585.52,0.082,0.971,960.046,11.218,6.06,0.897,286.402,10.911,0,0,0,300.995,10.646,-6.769,-1.292,43.931,0.056,20.862,51.986,72.934,957.668,954.157,951.8,18.806,19.141,19.336,7.254,7.238,7.241,1.172,1.983,2.516,286.464,271.141,266.261
2017-10-15 02:30:00,11.384167,47.259998,578,519376,648,473,47.2602,11.3783,648.4441,472.9775,51,585.52,0.082,0.971,960.01,11.242,5.845,0.731,288.921,10.713,0,0,0,300.359,10.651,-6.999,-1.155,43.291,0.053,20.875,52.014,72.971,957.634,954.119,951.768,19.043,19.359,19.541,7.073,7.041,7.034,0.955,1.707,2.217,288.902,270.948,265.694
2017-10-15 03:00:00,11.384167,47.259998,578,519376,648,473,47.2602,11.3783,648.4441,472.9775,51,585.52,0.082,0.971,960.009,10.682,5.894,0.361,354.323,10.516,0,0,0,298.525,10.154,-6.264,-0.966,44.394,0.052,20.835,51.926,72.867,957.631,954.119,951.763,18.42,19.035,19.372,7.218,7.069,7.003,0.474,1.078,1.711,354.66,277.324,266.15
2017-10-15 03:30:00,11.384167,47.259998,578,519376,648,473,47.2602,11.3783,648.4441,472.9775,51,585.52,0.082,0.971,960.054,9.257,6.403,0.846,65.078,10.311,0,0,0,292.31,8.855,-4.793,-1.504,49.046,0.054,20.704,51.618,72.495,957.682,954.169,951.811,16.278,17.564,18.78,7.834,7.476,7.113,1.098,0.137,0.734,65.045,32.56,251.066
2017-10-15 04:00:00,11.384167,47.259998,578,519376,648,473,47.2602,11.3783,648.4441,472.9775,51,585.52,0.082,0.971,960.048,9.186,6.257,0.837,72.579,10.091,0,0,0,290.986,8.747,-5.226,-1.497,48.51,0.054,20.703,51.628,72.52,957.68,954.168,951.81,16.328,17.961,18.922,7.698,7.295,6.996,1.084,0.143,0.607,72.518,114.588,232.205
2017-10-15 04:30:00,11.384167,47.259998,578,519376,648,473,47.2602,11.3783,648.4441,472.9775,51,585.52,0.082,0.971,960.052,9.103,6.165,0.827,70.24,9.871,0,0,0,290.573,8.642,-5.495,-1.482,47.609,0.054,20.699,51.616,72.495,957.685,954.17,951.814,16.3,17.888,18.712,7.607,7.198,6.945,1.072,0.032,0.623,70.222,102.902,234.508
2017-10-15 05:00:00,11.384167,47.259998,578,519376,648,473,47.2602,11.3783,648.4441,472.9775,51,585.52,0.082,0.971,960.046,9.273,5.983,0.948,78.506,9.67,0,0,0,290.379,8.736,-6.403,-1.582,46.046,0.056,20.713,51.65,72.534,957.683,954.171,951.812,16.606,18.067,18.75,7.371,7.106,6.819,1.23,0.467,0.477,78.5,62.372,266.767
2017-10-15 05:30:00,11.384167,47.259998,578,519376,648,473,47.2602,11.3783,648.4441,472.9775,51,585.52,0.082,0.971,960.069,9.126,5.828,0.863,89.594,9.472,0,0,0,289.566,8.59,-6.391,-1.442,45.813,0.054,20.704,51.624,72.494,957.703,954.188,951.833,16.539,17.913,18.517,7.206,7.036,6.848,1.119,0.818,0.344,89.583,62.392,347.883
2017-10-15 06:00:00,11.384167,47.259998,578,519376,648,473,47.2602,11.3783,648.4441,472.9775,51,585.52,0.165,0.971,960.09,9.821,6.103,0.869,89.058,9.297,0,25.474,22.145,289.313,9.307,-6.112,-1.016,32.278,0.054,20.711,51.644,72.523,957.72,954.209,951.853,16.7,18.186,18.638,7.047,6.793,6.686,1.128,0.601,0.213,89.007,77.95,53.003
2017-10-15 06:30:00,11.384167,47.259998,578,519376,648,473,47.2602,11.3783,648.4441,472.9775,51,585.52,0.165,0.971,960.027,9.574,6.222,1,79.796,9.154,0,100.672,24.805,287.238,9.073,-5.965,-1.164,31.928,0.058,20.683,51.584,72.457,957.66,954.145,951.794,16.261,18.079,18.775,7.163,6.647,6.45,1.294,0.68,0.354,79.741,75.537,78.788
2017-10-15 07:00:00,11.384167,47.259998,578,519376,648,473,47.2602,11.3783,648.4441,472.9775,51,585.52,0.165,0.971,960.021,13.24,7.495,1.117,75.899,9.19,0,183.434,174.512,287.338,13.163,-0.908,11.166,-47.281,0.084,20.714,51.654,72.539,957.654,954.144,951.788,16.686,18.441,18.938,7.138,6.484,6.195,1.439,0.903,0.137,75.881,68.874,72.516
2017-10-15 07:30:00,11.384167,47.259998,578,519376,648,473,47.2602,11.3783,648.4441,472.9775,51,585.52,0.165,0.971,959.962,14.094,7.722,0.982,80.388,9.432,0,264.92,254.49,288.4,14.836,8.658,25.417,-77.945,0.145,20.769,51.775,72.677,957.591,954.079,951.724,17.358,18.729,19.127,7.354,6.494,6.144,1.086,0.776,0.211,80.355,61.292,229.301
2017-10-15 08:00:00,11.384167,47.259998,578,519376,648,473,47.2602,11.3783,648.4441,472.9775,51,585.52,0.165,0.971,959.85,15.047,7.858,0.793,88.8,9.747,0,341.195,329.695,290.438,16.857,20.973,38.688,-103.564,0.168,20.841,51.935,72.868,957.481,953.972,951.619,18.314,19.194,19.513,7.484,6.44,6.208,0.876,0.15,0.837,88.781,241.264,249.069
2017-10-15 08:30:00,11.384167,47.259998,578,519376,648,473,47.2602,11.3783,648.4441,472.9775,51,585.52,0.165,0.971,959.691,16.373,7.765,0.357,81.855,10.121,0,409.507,397.302,293.986,19.023,30.46,52.626,-126.174,0.178,20.936,52.152,73.134,957.324,953.81,951.456,19.698,19.733,19.922,7.396,6.949,6.704,0.394,0.088,0.381,81.821,17.445,272.605
2017-10-15 09:00:00,11.384167,47.259998,578,519376,648,473,47.2602,11.3783,648.4441,472.9775,51,585.52,0.165,0.971,959.486,17.627,7.577,0.059,58.021,10.542,0,468.228,455.634,297.231,21.009,38.606,66.391,-143.207,0.191,21.03,52.385,73.458,957.117,953.606,951.253,21.07,21.039,21.096,7.279,7.021,6.881,0.065,0.124,0.313,59.103,298.283,280.654
2017-10-15 09:30:00,11.384167,47.259998,578,519376,648,473,47.2602,11.3783,648.4441,472.9775,51,585.52,0.165,0.971,959.26,18.926,7.232,0.029,62.371,10.996,0,515.909,503.221,300.302,22.798,44.527,79.534,-155.074,0.204,21.118,52.604,73.762,956.888,953.379,951.024,22.442,22.367,22.383,7.017,6.763,6.636,0.033,0.079,0.2,62.241,320.473,291.058
2017-10-15 10:00:00,11.384167,47.259998,578,519376,648,473,47.2602,11.3783,648.4441,472.9775,51,585.52,0.165,0.971,959.014,20.264,6.775,0.095,105.042,11.458,0,551.279,538.779,303.13,24.28,47.994,92.258,-161.301,0.216,21.19,52.784,74.015,956.647,953.138,950.786,23.698,23.617,23.62,6.535,6.324,6.229,0.106,0.141,0.308,105.085,261.553,267.511
2017-10-15 10:30:00,11.384167,47.259998,578,519376,648,473,47.2602,11.3783,648.4441,472.9775,51,585.52,0.165,0.971,958.805,21.479,6.332,0.14,196.098,11.921,0,573.24,561.198,306.174,25.498,49.07,102.435,-163.119,0.224,21.259,52.957,74.258,956.436,952.93,950.578,24.913,24.823,24.805,6.068,5.895,5.811,0.156,0.446,0.623,196.073,240.938,248.178
2017-10-15 11:00:00,11.384167,47.259998,578,519376,648,473,47.2602,11.3783,648.4441,472.9775,51,585.52,0.165,0.971,958.6,22.365,5.965,0.02,260.949,12.382,0,581.7,570.355,308.359,26.382,49.593,108.873,-159.405,0.229,21.311,53.084,74.434,956.227,952.724,950.373,25.826,25.724,25.694,5.689,5.506,5.414,0.021,0.386,0.573,261.488,268.043,268.062
2017-10-15 11:30:00,11.384167,47.259998,578,519376,648,473,47.2602,11.3783,648.4441,472.9775,51,585.52,0.165,0.971,958.412,22.993,5.818,0.069,86.992,12.833,0,576.153,565.728,310.22,26.962,49.316,111.143,-150.98,0.233,21.352,53.185,74.574,956.028,952.528,950.176,26.48,26.364,26.326,5.541,5.372,5.286,0.078,0.078,0.195,86.424,266.585,267.452
2017-10-15 12:00:00,11.384167,47.259998,578,519376,648,473,47.2602,11.3783,648.4441,472.9775,51,585.52,0.165,0.971,958.219,23.427,5.559,0.481,90.826,13.26,0,556.693,547.384,311.724,27.161,46.837,110.906,-138.087,0.237,21.374,53.24,74.653,955.849,952.348,950.003,26.936,26.817,26.78,5.294,5.135,5.061,0.536,0.484,0.414,91.302,90.055,89.425
2017-10-15 12:30:00,11.384167,47.259998,578,519376,648,473,47.2602,11.3783,648.4441,472.9775,51,585.52,0.165,0.971,958.138,23.754,5.485,0.567,102.994,13.65,0,523.849,515.82,313.004,27.178,42.435,106.433,-122.126,0.237,21.396,53.294,74.728,955.762,952.261,949.917,27.287,27.163,27.125,5.224,5.042,4.961,0.633,0.715,0.729,103.117,100.233,98.139
2017-10-15 13:00:00,11.384167,47.259998,578,519376,648,473,47.2602,11.3783,648.4441,472.9775,51,585.52,0.165,0.971,957.984,23.976,5.569,0.236,124.865,14.009,0,478.342,471.718,314.315,27.049,36.172,97.46,-103.873,0.227,21.421,53.356,74.815,955.606,952.107,949.762,27.622,27.52,27.488,5.304,5.071,4.979,0.263,0.45,0.499,124.746,124.03,120.023
2017-10-15 13:30:00,11.384167,47.259998,578,519376,648,473,47.2602,11.3783,648.4441,472.9775,51,585.52,0.165,0.971,957.863,23.966,5.542,0.019,138.097,14.328,0,420.927,415.797,316.135,26.476,28.08,86.157,-82.79,0.218,21.434,53.391,74.866,955.486,951.984,949.64,27.839,27.768,27.744,5.278,5.096,5.034,0.021,0.24,0.309,137.933,146.504,144.033
2017-10-15 14:00:00,11.384167,47.259998,578,519376,648,473,47.2602,11.3783,648.4441,472.9775,51,585.52,0.165,0.971,957.791,23.898,5.505,0.382,93.501,14.599,0,353.456,349.85,317.606,25.582,18.907,72.235,-59.059,0.207,21.436,53.397,74.879,955.413,951.916,949.567,27.905,27.857,27.842,5.243,5.081,5.026,0.426,0.572,0.626,93.56,98.257,98.884
2017-10-15 14:30:00,11.384167,47.259998,578,519376,648,473,47.2602,11.3783,648.4441,472.9775,51,585.52,0.165,0.971,957.751,23.572,6.117,0.487,84.34,14.822,0,277.631,275.52,319.525,24.525,10.729,53.312,-34.204,0.191,21.449,53.433,74.93,955.374,951.871,949.527,27.843,27.822,27.816,5.827,5.692,5.637,0.542,0.744,0.827,84.675,79.66,78.384
2017-10-15 15:00:00,11.384167,47.259998,578,519376,648,473,47.2602,11.3783,648.4441,472.9775,51,585.52,0.165,0.971,957.771,22.583,7.478,1.149,111.423,15,0,195.896,195.157,322.545,23.372,8.922,27.07,-7.626,0.19,21.462,53.465,74.976,955.397,951.892,949.542,27.422,27.447,27.466,7.124,6.945,6.866,1.284,1.376,1.379,111.446,102.62,97.933
2017-10-15 15:30:00,11.384167,47.259998,578,519376,648,473,47.2602,11.3783,648.4441,472.9775,51,585.52,0.165,0.971,957.879,20.918,7.784,1.455,114.637,15.112,0,112.808,113.159,323.598,21.435,5.883,6.709,22.09,0.177,21.436,53.402,74.894,955.505,951.998,949.647,26.925,27.003,27.034,7.413,7.283,7.254,1.63,1.848,1.951,114.556,101.242,95.157
2017-10-15 16:00:00,11.384167,47.259998,578,519376,648,473,47.2602,11.3783,648.4441,472.9775,51,585.52,0.165,0.971,958.059,19.164,7.107,1.956,92.654,15.072,0,35.686,36.474,322.767,18.802,-4.162,1.296,52.932,0.188,21.386,53.279,74.725,955.686,952.182,949.832,26.49,26.614,26.65,6.834,6.713,6.642,2.218,2.64,2.818,92.607,86.539,84.394
2017-10-15 16:30:00,11.384167,47.259998,578,519376,648,473,47.2602,11.3783,648.4441,472.9775,51,585.52,0.082,0.971,958.297,17.659,6.799,2.269,86.256,14.907,0,0,0,318.696,16.916,-8.591,-1.832,67.562,0.196,21.309,53.093,74.475,955.92,952.412,950.061,25.235,25.369,25.411,7.139,7.305,7.381,2.598,3.279,3.532,86.206,83.396,82.292
2017-10-15 17:00:00,11.384167,47.259998,578,519376,648,473,47.2602,11.3783,648.4441,472.9775,51,585.52,0.082,0.971,958.515,16.093,6.864,1.486,94.834,14.706,0,0,0,315.417,15.711,-4.432,-2.112,67.591,0.121,21.243,52.935,74.27,956.122,952.611,950.194,24.022,24.385,24.575,7.699,7.837,7.775,1.7,2.717,3.121,94.957,82.025,79.257
2017-10-15 17:30:00,11.384167,47.259998,578,519376,648,473,47.2602,11.3783,648.4441,472.9775,51,585.52,0.082,0.971,958.688,15.577,6.727,1.426,95.448,14.486,0,0,0,314.628,15.151,-4.957,-1.806,64.182,0.11,21.194,52.811,74.089,956.296,952.72,950.497,23.431,23.775,24.065,7.505,7.384,7.226,1.683,2.459,3.018,95.459,77.175,72.714
2017-10-15 18:00:00,11.384167,47.259998,578,519376,648,473,47.2602,11.3783,648.4441,472.9775,51,585.52,0.082,0.971,958.823,15.108,6.448,1.374,105.6,14.266,0,0,0,313.176,14.665,-5.162,-1.465,62.041,0.09,21.155,52.713,73.953,956.434,952.925,950.572,23.009,23.276,23.512,7.19,7.271,7.286,1.704,1.926,2.293,105.562,85.358,75.365
2017-10-15 18:30:00,11.384167,47.259998,578,519376,648,473,47.2602,11.3783,648.4441,472.9775,51,585.52,0.082,0.971,958.938,14.595,6.233,0.914,119.282,14.024,0,0,0,312.645,14.271,-3.788,-0.982,60.729,0.054,21.137,52.666,73.88,956.546,953.035,950.683,22.764,22.929,23.023,7.161,7.318,7.412,1.209,1.357,1.587,119.263,92.082,77.988
2017-10-15 19:00:00,11.384167,47.259998,578,519376,648,473,47.2602,11.3783,648.4441,472.9775,51,585.52,0.082,0.971,958.975,14.349,6.192,0.466,101.28,13.783,0,0,0,312.594,14.025,-3.791,-0.805,58.429,0.052,21.128,52.649,73.861,956.576,953.068,950.71,22.611,22.822,22.891,7.23,7.488,7.6,0.615,1.023,1.217,101.128,87.377,83.73
2017-10-15 19:30:00,11.384167,47.259998,578,519376,648,473,47.2602,11.3783,648.4441,472.9775,51,585.52,0.082,0.971,959.043,13.731,6.215,0.385,358.355,13.541,0,0,0,309.566,13.425,-3.587,-0.795,58.7,0.052,21.08,52.522,73.679,956.645,953.132,950.78,21.868,22.087,22.261,7.298,7.305,7.327,0.508,0.335,0.334,358.288,18.608,47.599
2017-10-15 20:00:00,11.384167,47.259998,578,519376,648,473,47.2602,11.3783,648.4441,472.9775,51,585.52,0.082,0.971,959.075,13.342,6.376,0.616,265.162,13.299,0,0,0,307.273,13.013,-3.853,-1.019,58.168,0.053,21.051,52.463,73.616,956.68,953.167,950.812,21.342,21.888,22.114,7.552,7.537,7.504,0.815,0.713,0.573,265.147,294.679,293.426
2017-10-15 20:30:00,11.384167,47.259998,578,519376,648,473,47.2602,11.3783,648.4441,472.9775,51,585.52,0.082,0.971,959.127,13.34,6.892,1.677,273.687,13.072,0,0,0,305.204,12.78,-6.577,-2.407,55.633,0.084,21.02,52.385,73.509,956.736,953.225,950.868,20.727,21.271,21.511,7.93,7.904,7.951,2.179,1.972,1.756,273.699,273.624,276.157
2017-10-15 21:00:00,11.384167,47.259998,578,519376,648,473,47.2602,11.3783,648.4441,472.9775,51,585.52,0.082,0.971,959.157,12.866,6.544,1.148,268.616,12.844,0,0,0,303.62,12.435,-5.066,-1.637,56.326,0.061,21.008,52.354,73.466,956.765,953.256,950.901,20.618,21.237,21.638,7.765,7.514,7.444,1.509,1.517,1.54,268.586,262.226,264.076
2017-10-15 21:30:00,11.384167,47.259998,578,519376,648,473,47.2602,11.3783,648.4441,472.9775,51,585.52,0.082,0.971,959.184,12.903,6.204,0.883,263.475,12.604,0,0,0,304.543,12.463,-5.177,-1.247,54.115,0.054,21.016,52.376,73.505,956.799,953.286,950.932,20.9,21.443,21.879,7.405,7.456,7.561,1.162,1.185,1.472,263.473,250.487,249.929
2017-10-15 22:00:00,11.384167,47.259998,578,519376,648,473,47.2602,11.3783,648.4441,472.9775,51,585.52,0.082,0.971,959.27,12.617,6.079,0.5,250.999,12.369,0,0,0,303.762,12.195,-4.969,-1.007,53.498,0.052,21,52.34,73.45,956.877,953.364,951.01,20.701,21.327,21.529,7.341,7.399,7.419,0.656,0.693,0.956,250.858,239.891,251.16
2017-10-15 22:30:00,11.384167,47.259998,578,519376,648,473,47.2602,11.3783,648.4441,472.9775,51,585.52,0.082,0.971,959.354,12.543,5.96,0.422,308.286,12.134,0,0,0,303.444,12.095,-5.273,-0.966,52.2,0.052,20.998,52.342,73.466,956.952,953.441,951.086,20.702,21.587,21.747,7.241,7.283,7.308,0.556,1.059,1.638,308.218,267.301,261.431
2017-10-15 23:00:00,11.384167,47.259998,578,519376,648,473,47.2602,11.3783,648.4441,472.9775,51,585.52,0.082,0.971,959.442,12.112,5.923,0.57,260.066,11.914,0,0,0,301.488,11.672,-5.188,-1.025,52.52,0.053,20.954,52.222,73.287,957.023,953.512,951.157,20.122,20.705,21.136,7.142,7.107,7.013,0.748,1.525,2.273,259.944,261.398,259.04
2017-10-15 23:30:00,11.384167,47.259998,578,519376,648,473,47.2602,11.3783,648.4441,472.9775,51,585.52,0.082,0.971,959.506,11.91,5.664,0.413,241.988,11.695,0,0,0,300.139,11.46,-5.31,-0.88,52.209,0.052,20.937,52.18,73.228,957.07,953.561,951.206,20.009,20.628,21.036,6.833,6.746,6.677,0.541,1.341,2.1,242.082,252.808,256.169
2017-10-16 00:00:00,11.384167,47.259998,578,519376,648,473,47.2602,11.3783,648.4441,472.9775,51,585.52,0.082,0.971,959.526,11.843,5.506,0.337,259.099,11.475,0,0,0,299.555,11.367,-5.62,-0.833,51.224,0.052,20.935,52.181,73.234,957.093,953.581,951.228,20.039,20.952,21.173,6.677,6.408,6.333,0.441,1.594,2.275,259.139,255.926,256.731
2017-10-16 00:30:00,11.384167,47.259998,578,519376,648,473,47.2602,11.3783,648.4441,472.9775,51,585.52,0.082,0.971,959.791,12.129,5.204,0.87,261.682,11.255,0,0,0,299.538,11.538,-6.979,-1.039,49.078,0.055,20.945,52.195,73.237,957.352,953.841,951.489,20.374,20.872,21.136,6.206,6.111,6.076,1.143,2.291,2.961,261.692,266.862,266.658
2017-10-16 01:00:00,11.384167,47.259998,578,519376,648,473,47.2602,11.3783,648.4441,472.9775,51,585.52,0.082,0.971,959.725,12.374,5.099,1.304,279.069,11.057,0,0,0,299.651,11.576,-9.423,-1.342,46.179,0.071,20.945,52.2,73.259,957.287,953.776,951.427,20.512,21.076,21.551,5.929,5.914,5.927,1.71,2.714,3.501,279.067,277.821,275.006
2017-10-16 01:30:00,11.384167,47.259998,578,519376,648,473,47.2602,11.3783,648.4441,472.9775,51,585.52,0.082,0.971,959.75,11.982,4.927,0.591,293.263,10.86,0,0,0,299.439,11.38,-7.112,-0.849,47.261,0.053,20.938,52.181,73.22,957.304,953.797,951.447,20.405,20.939,21.258,5.932,5.844,5.81,0.776,2.078,2.856,293.407,279.298,276.377
2017-10-16 02:00:00,11.384167,47.259998,578,519376,648,473,47.2602,11.3783,648.4441,472.9775,51,585.52,0.082,0.971,959.731,11.189,5.199,0.498,64.276,10.651,0,0,0,295.971,10.658,-6.274,-0.909,49.489,0.052,20.88,52.037,73.023,957.295,953.785,951.435,19.389,20.057,20.385,6.339,6.111,6.005,0.652,0.722,1.429,64.307,300.524,285.251
2017-10-16 02:30:00,11.384167,47.259998,578,519376,648,473,47.2602,11.3783,648.4441,472.9775,51,585.52,0.082,0.971,959.698,10.748,5.24,0.568,77.151,10.431,0,0,0,293.53,10.23,-6.13,-0.988,50.321,0.053,20.845,51.959,72.936,957.272,953.76,951.409,18.854,19.823,20.379,6.415,6.149,5.923,0.741,0.386,0.703,77.141,1.464,303.211
2017-10-16 03:00:00,11.384167,47.259998,578,519376,648,473,47.2602,11.3783,648.4441,472.9775,51,585.52,0.082,0.971,959.709,10.514,5.229,0.638,59.341,10.211,0,0,0,292.06,9.985,-6.274,-1.064,50.203,0.053,20.828,51.921,72.883,957.285,953.776,951.42,18.601,19.583,19.985,6.436,6.368,6.213,0.829,0.508,0.349,59.652,55.489,354
2017-10-16 03:30:00,11.384167,47.259998,578,519376,648,473,47.2602,11.3783,648.4441,472.9775,51,585.52,0.082,0.971,959.702,10.245,5.073,0.548,55.937,9.992,0,0,0,290.75,9.719,-6.254,-0.97,50.171,0.053,20.804,51.86,72.806,957.294,953.787,951.43,18.354,19.315,19.895,6.241,6.182,6.134,0.713,0.078,0.135,55.935,125.341,273.505
2017-10-16 04:00:00,11.384167,47.259998,578,519376,648,473,47.2602,11.3783,648.4441,472.9775,51,585.52,0.082,0.971,959.657,10.163,4.924,0.584,46.875,9.772,0,0,0,290.026,9.609,-6.575,-0.967,49.451,0.053,20.797,51.847,72.788,957.244,953.733,951.384,18.334,19.517,19.877,6.062,5.811,5.823,0.762,0.4,0.527,46.879,261.465,266.373
2017-10-16 04:30:00,11.384167,47.259998,578,519376,648,473,47.2602,11.3783,648.4441,472.9775,51,585.52,0.082,0.971,959.623,10.094,4.746,0.457,53.383,9.574,0,0,0,289.777,9.525,-6.756,-0.861,48.589,0.052,20.792,51.827,72.749,957.204,953.695,951.342,18.363,19.248,19.709,5.853,5.749,5.678,0.595,0.168,0.579,53.372,305.643,268.613
2017-10-16 05:00:00,11.384167,47.259998,578,519376,648,473,47.2602,11.3783,648.4441,472.9775,51,585.52,0.082,0.971,959.629,9.753,4.648,0.218,61.584,9.376,0,0,0,288.904,9.213,-6.426,-0.708,48.673,0.051,20.763,51.753,72.645,957.192,953.684,951.331,18.006,18.791,19.286,5.723,5.762,5.721,0.283,0.345,0.246,61.619,28.79,319.626
2017-10-16 05:30:00,11.384167,47.259998,578,519376,648,473,47.2602,11.3783,648.4441,472.9775,51,585.52,0.082,0.971,959.594,9.698,4.498,0.45,253.784,9.178,0,0,0,288.44,9.123,-6.842,-0.762,47.834,0.052,20.75,51.724,72.608,957.164,953.658,951.306,17.948,18.755,19.254,5.48,5.577,5.583,0.585,0.482,0.515,253.755,265.932,265.732
2017-10-16 06:00:00,11.384167,47.259998,578,519376,648,473,47.2602,11.3783,648.4441,472.9775,51,585.52,0.165,0.971,959.574,10.069,4.791,0.256,289.395,8.991,0,22.775,19.557,287.621,9.55,-6.162,-0.391,36.541,0.051,20.734,51.685,72.558,957.158,953.649,951.3,17.778,18.666,19.189,5.365,5.396,5.447,0.331,0.382,0.366,289.613,298.334,312.25
2017-10-16 06:30:00,11.384167,47.259998,578,519376,648,473,47.2602,11.3783,648.4441,472.9775,51,585.52,0.165,0.971,959.512,10.172,4.887,0.35,50.922,8.849,0,97.693,24.333,287.15,9.652,-6.175,-0.376,33.674,0.052,20.734,51.685,72.555,957.091,953.584,951.234,17.767,18.608,19.125,5.401,5.436,5.469,0.455,0.403,0.322,50.925,30.48,17.809
2017-10-16 07:00:00,11.384167,47.259998,578,519376,648,473,47.2602,11.3783,648.4441,472.9775,51,585.52,0.165,0.971,959.585,13.979,5.73,0.312,77.944,8.854,0,180.673,171.668,286.441,13.656,-3.771,12.025,-45.202,0.063,20.744,51.707,72.582,957.171,953.666,951.313,17.86,18.724,19.171,5.458,5.382,5.398,0.405,0.418,0.282,77.982,59.872,52.674
2017-10-16 07:30:00,11.384167,47.259998,578,519376,648,473,47.2602,11.3783,648.4441,472.9775,51,585.52,0.165,0.971,959.581,15.114,6.026,0.314,198.809,9.136,0,262.669,252.124,286.966,15.361,2.879,26.435,-77.432,0.106,20.801,51.838,72.738,957.169,953.662,951.311,18.525,19.164,19.498,5.739,5.387,5.288,0.349,0.102,0.071,199.126,207.038,271.255
2017-10-16 08:00:00,11.384167,47.259998,578,519376,648,473,47.2602,11.3783,648.4441,472.9775,51,585.52,0.165,0.971,959.558,15.839,6.586,0.16,224.548,9.462,0,339.354,327.723,287.823,17.162,15.304,41.157,-101.293,0.149,20.864,51.979,72.91,957.147,953.638,951.288,19.16,19.601,19.918,6.273,5.369,5.247,0.177,0.605,0.462,224.693,234.312,253.478
2017-10-16 08:30:00,11.384167,47.259998,578,519376,648,473,47.2602,11.3783,648.4441,472.9775,51,585.52,0.165,0.971,959.466,16.9,7.505,0.001,66.489,9.847,0,407.787,395.448,290.446,19.293,27.481,52.289,-123.123,0.173,20.971,52.215,73.192,957.064,953.553,951.206,20.257,20.361,20.642,7.148,5.091,5.168,0.001,0.521,0.589,50.183,250.789,274.37
2017-10-16 09:00:00,11.384167,47.259998,578,519376,648,473,47.2602,11.3783,648.4441,472.9775,51,585.52,0.165,0.971,959.323,17.964,6.679,0.027,226.052,10.283,0,466.345,453.626,293.596,21.054,35.27,68.778,-138.637,0.191,21.029,52.377,73.434,956.919,953.41,951.058,21.443,21.335,21.361,6.359,5.892,5.645,0.03,0.384,0.598,226.807,249.242,255.682
2017-10-16 09:30:00,11.384167,47.259998,578,519376,648,473,47.2602,11.3783,648.4441,472.9775,51,585.52,0.165,0.971,959.148,18.93,6.291,0.031,187.944,10.733,0,514.072,501.261,295.767,22.66,42.896,81.914,-148.809,0.206,21.092,52.538,73.668,956.75,953.242,950.891,22.473,22.344,22.335,6.074,5.888,5.813,0.034,0.118,0.141,187.474,231.482,241.423
2017-10-16 10:00:00,11.384167,47.259998,578,519376,648,473,47.2602,11.3783,648.4441,472.9775,51,585.52,0.165,0.971,958.976,19.931,6.283,0.048,180.952,11.194,0,549.489,536.868,297.826,24.03,49.68,92.153,-153.923,0.22,21.152,52.688,73.877,956.567,953.058,950.708,23.338,23.186,23.155,6.054,5.903,5.844,0.053,0.064,0.04,180.777,188.584,196.249
2017-10-16 10:30:00,11.384167,47.259998,578,519376,648,473,47.2602,11.3783,648.4441,472.9775,51,585.52,0.165,0.971,958.81,20.658,6.462,0.055,195.511,11.656,0,570.554,558.415,301.093,25.074,55.246,98.855,-154.61,0.229,21.209,52.829,74.075,956.396,952.889,950.539,24.072,23.911,23.87,6.224,6.109,6.064,0.061,0.109,0.126,195.096,223.065,237.145
2017-10-16 11:00:00,11.384167,47.259998,578,519376,648,473,47.2602,11.3783,648.4441,472.9775,51,585.52,0.165,0.971,958.658,21.363,6.611,0.028,223.456,12.117,0,578.099,566.678,303.848,25.883,57.76,103.11,-151.037,0.236,21.263,52.964,74.263,956.242,952.736,950.383,24.789,24.62,24.566,6.362,6.247,6.199,0.034,0.058,0.05,218.018,227.917,235.394
2017-10-16 11:30:00,11.384167,47.259998,578,519376,648,473,47.2602,11.3783,648.4441,472.9775,51,585.52,0.165,0.971,958.523,22.015,6.509,0.007,174.916,12.571,0,571.866,561.382,306.404,26.454,56.971,105.374,-143.371,0.239,21.306,53.071,74.413,956.107,952.601,950.25,25.461,25.299,25.242,6.252,6.136,6.082,0.009,0.062,0.081,170.004,108.482,102.349
2017-10-16 12:00:00,11.384167,47.259998,578,519376,648,473,47.2602,11.3783,648.4441,472.9775,51,585.52,0.165,0.971,958.41,22.561,5.705,0.07,229.176,12.999,0,551.655,542.301,308.811,26.69,52.364,107.14,-131.157,0.239,21.318,53.103,74.462,955.99,952.489,950.142,26.037,25.892,25.836,5.442,5.369,5.346,0.078,0.097,0.125,229.319,175.423,161.039
2017-10-16 12:30:00,11.384167,47.259998,578,519376,648,473,47.2602,11.3783,648.4441,472.9775,51,585.52,0.165,0.971,958.22,22.851,5.578,0.005,125.228,13.386,0,518.485,510.417,310.368,26.694,47.91,102.806,-115.295,0.237,21.335,53.146,74.523,955.804,952.3,949.954,26.361,26.235,26.185,5.319,5.241,5.21,0.007,0.208,0.284,142.329,88,87.897
2017-10-16 13:00:00,11.384167,47.259998,578,519376,648,473,47.2602,11.3783,648.4441,472.9775,51,585.52,0.165,0.971,958.098,23.076,5.771,0.324,101.773,13.741,0,472.668,466.01,311.906,26.47,41.442,94.612,-96.818,0.234,21.359,53.204,74.604,955.683,952.179,949.834,26.614,26.503,26.46,5.514,5.411,5.365,0.361,0.562,0.643,101.826,92.858,89.704
2017-10-16 13:30:00,11.384167,47.259998,578,519376,648,473,47.2602,11.3783,648.4441,472.9775,51,585.52,0.165,0.971,957.989,23.177,5.784,0.865,97.426,14.052,0,415.469,410.303,313.039,25.833,32.153,85.224,-75.174,0.235,21.368,53.227,74.638,955.579,952.078,949.731,26.756,26.668,26.634,5.524,5.422,5.377,0.963,1.113,1.175,97.427,90.305,87.02
2017-10-16 14:00:00,11.384167,47.259998,578,519376,648,473,47.2602,11.3783,648.4441,472.9775,51,585.52,0.165,0.971,957.905,23.069,5.878,1.333,93.97,14.305,0,348.395,344.752,313.37,24.895,22.792,74.669,-48.766,0.257,21.366,53.222,74.632,955.498,951.998,949.65,26.69,26.622,26.599,5.626,5.494,5.435,1.487,1.651,1.711,93.944,88.916,86.111
2017-10-16 14:30:00,11.384167,47.259998,578,519376,648,473,47.2602,11.3783,648.4441,472.9775,51,585.52,0.165,0.971,957.837,22.617,5.677,1.256,98.58,14.498,0,273.489,271.335,312.456,23.659,11.771,57.698,-23.708,0.234,21.353,53.191,74.589,955.432,951.933,949.586,26.615,26.586,26.58,5.407,5.227,5.143,1.398,1.596,1.671,98.592,92.473,89.245
2017-10-16 15:00:00,11.384167,47.259998,578,519376,648,473,47.2602,11.3783,648.4441,472.9775,51,585.52,0.165,0.971,957.837,21.381,5.747,1.03,101.747,14.635,0,192.622,191.842,311.527,22.498,12.665,22.099,0.219,0.178,21.343,53.169,74.562,955.425,951.926,949.581,26.454,26.453,26.457,5.473,5.321,5.256,1.147,1.368,1.464,101.718,91.939,87.928
2017-10-16 15:30:00,11.384167,47.259998,578,519376,648,473,47.2602,11.3783,648.4441,472.9775,51,585.52,0.165,0.971,957.906,19.925,5.917,1.352,93.287,14.71,0,109.3,109.623,312.225,20.439,5.87,6.468,30.373,0.169,21.335,53.151,74.54,955.488,951.987,949.642,26.266,26.272,26.277,5.636,5.584,5.559,1.511,1.7,1.775,93.243,86.706,84.025
2017-10-16 16:00:00,11.384167,47.259998,578,519376,648,473,47.2602,11.3783,648.4441,472.9775,51,585.52,0.165,0.971,958.024,17.518,6.071,1.037,106.388,14.63,0,32.047,32.792,311.877,17.461,-0.647,0.159,62.282,0.115,21.301,53.072,74.442,955.6,952.097,949.751,25.605,25.775,25.855,5.993,5.99,5.966,1.158,1.499,1.709,106.422,87.197,81.183
2017-10-16 16:30:00,11.384167,47.259998,578,519376,648,473,47.2602,11.3783,648.4441,472.9775,51,585.52,0.082,0.971,958.153,16.299,5.331,1.34,147.914,14.401,0,0,0,310.586,15.927,-4.324,-1.373,73.938,0.114,21.254,52.956,74.285,955.73,952.226,949.88,24.953,25.169,25.301,5.953,5.971,5.994,1.531,1.218,1.156,147.923,123.084,103.728
2017-10-16 17:00:00,11.384167,47.259998,578,519376,648,473,47.2602,11.3783,648.4441,472.9775,51,585.52,0.082,0.971,958.281,16.657,5.819,2.072,156.406,14.186,0,0,0,310.065,15.82,-9.706,-1.82,66.456,0.165,21.247,52.941,74.269,955.851,952.347,949.997,24.706,25.01,25.123,6.251,6.255,6.232,2.426,1.88,1.657,156.388,138.622,127.054
2017-10-16 17:30:00,11.384167,47.259998,578,519376,648,473,47.2602,11.3783,648.4441,472.9775,51,585.52,0.082,0.971,958.411,16.42,5.703,2.123,153.182,13.989,0,0,0,309.782,15.441,-11.39,-1.579,62.096,0.163,21.22,52.874,74.174,955.985,952.478,950.13,24.412,24.678,24.787,6.071,6.112,6.13,2.52,1.909,1.641,153.114,139.274,130.184
2017-10-16 18:00:00,11.384167,47.259998,578,519376,648,473,47.2602,11.3783,648.4441,472.9775,51,585.52,0.082,0.971,958.527,16.085,5.508,2.155,149.071,13.791,0,0,0,308.803,15.018,-12.418,-1.235,59.351,0.16,21.184,52.788,74.06,956.098,952.595,950.245,24.028,24.367,24.516,5.795,5.846,5.875,2.588,1.994,1.646,149.073,136.897,127.183
2017-10-16 18:30:00,11.384167,47.259998,578,519376,648,473,47.2602,11.3783,648.4441,472.9775,51,585.52,0.082,0.971,958.569,15.074,5.085,1.39,152.391,13.58,0,0,0,307.936,14.49,-6.816,-1.048,61.064,0.072,21.156,52.714,73.949,956.139,952.636,950.287,23.674,23.915,24.06,5.704,5.733,5.758,1.837,1.579,1.405,152.349,142.731,132.423
2017-10-16 19:00:00,11.384167,47.259998,578,519376,648,473,47.2602,11.3783,648.4441,472.9775,51,585.52,0.082,0.971,958.591,14.407,4.943,0.763,167.615,13.338,0,0,0,306.634,13.98,-4.988,-0.718,60.973,0.054,21.121,52.625,73.821,956.189,952.684,950.337,23.184,23.393,23.548,5.707,5.699,5.696,1.007,0.933,0.855,167.649,166.644,160.292
2017-10-16 19:30:00,11.384167,47.259998,578,519376,648,473,47.2602,11.3783,648.4441,472.9775,51,585.52,0.082,0.971,958.647,13.93,5.03,0.732,250.986,13.097,0,0,0,305.407,13.513,-4.891,-0.702,59.945,0.053,21.079,52.523,73.681,956.243,952.739,950.392,22.559,22.802,22.973,5.789,5.795,5.792,0.969,0.96,0.884,251.029,250.465,254.314
2017-10-16 20:00:00,11.384167,47.259998,578,519376,648,473,47.2602,11.3783,648.4441,472.9775,51,585.52,0.082,0.971,958.73,13.248,5.15,1.186,255.919,12.855,0,0,0,302.055,12.796,-5.306,-0.838,60.334,0.062,21.001,52.343,73.463,956.32,952.749,950.464,21.461,22.144,22.473,5.758,5.824,5.878,1.559,1.741,1.666,255.946,265.584,270.039
2017-10-16 20:30:00,11.384167,47.259998,578,519376,648,473,47.2602,11.3783,648.4441,472.9775,51,585.52,0.082,0.971,958.79,12.938,4.963,0.867,260.529,12.613,0,0,0,301.267,12.524,-4.854,-0.659,59.385,0.054,20.983,52.302,73.406,956.387,952.881,950.532,21.279,22.099,22.317,5.607,5.572,5.626,1.138,1.405,1.404,260.548,268.73,273.613
2017-10-16 21:00:00,11.384167,47.259998,578,519376,648,473,47.2602,11.3783,648.4441,472.9775,51,585.52,0.082,0.971,958.836,12.696,4.888,0.745,271.183,12.372,0,0,0,300.248,12.272,-4.982,-0.636,58.345,0.054,20.967,52.266,73.361,956.435,952.929,950.518,21.067,22.013,22.178,5.563,5.515,5.559,0.98,1.248,1.249,271.374,270.158,271.569
2017-10-16 21:30:00,11.384167,47.259998,578,519376,648,473,47.2602,11.3783,648.4441,472.9775,51,585.52,0.082,0.971,958.867,12.524,4.829,0.66,259.266,12.13,0,0,0,299.433,12.081,-5.21,-0.641,57.206,0.053,20.959,52.24,73.318,956.459,952.954,950.605,20.942,21.751,21.986,5.55,5.495,5.518,0.866,1.025,1.033,259.248,261,259.962
2017-10-16 22:00:00,11.384167,47.259998,578,519376,648,473,47.2602,11.3783,648.4441,472.9775,51,585.52,0.082,0.971,958.884,12.33,4.785,0.78,263.756,11.888,0,0,0,298.441,11.861,-5.531,-0.689,56.282,0.054,20.941,52.193,73.245,956.475,952.975,950.622,20.717,21.4,21.678,5.5,5.446,5.451,1.023,1.03,1.057,263.741,262.213,257.561
2017-10-16 22:30:00,11.384167,47.259998,578,519376,648,473,47.2602,11.3783,648.4441,472.9775,51,585.52,0.082,0.971,958.873,12.11,4.801,1.032,257.609,11.647,0,0,0,297.321,11.593,-6.099,-0.806,55.393,0.058,20.916,52.127,73.151,956.471,952.968,950.619,20.371,20.977,21.296,5.477,5.439,5.448,1.352,1.286,1.252,257.656,256.119,250.643
2017-10-16 23:00:00,11.384167,47.259998,578,519376,648,473,47.2602,11.3783,648.4441,472.9775,51,585.52,0.082,0.971,958.856,11.722,4.929,1.143,250.001,11.427,0,0,0,295.766,11.193,-6.246,-0.936,55.184,0.062,20.88,52.042,73.04,956.47,952.963,950.615,19.813,20.489,20.85,5.627,5.605,5.664,1.495,1.338,1.46,249.929,255.406,252.506
2017-10-16 23:30:00,11.384167,47.259998,578,519376,648,473,47.2602,11.3783,648.4441,472.9775,51,585.52,0.082,0.971,958.869,11.328,4.921,1.004,251.278,11.207,0,0,0,294.528,10.845,-5.709,-0.873,55.262,0.057,20.854,51.975,72.945,956.467,952.964,950.613,19.409,20.044,20.388,5.672,5.737,5.779,1.311,1.26,1.599,251.27,269.73,271.098
2017-10-17 00:00:00,11.384167,47.259998,578,519376,648,473,47.2602,11.3783,648.4441,472.9775,51,585.52,0.082,0.971,958.865,10.992,4.84,0.674,225.864,10.967,0,0,0,293.112,10.543,-5.317,-0.756,55.294,0.053,20.837,51.931,72.873,956.463,952.957,950.607,19.172,19.678,19.971,5.675,5.776,5.764,0.88,0.92,1.411,225.785,261.221,268.856
